A,1
AA,5
AAC,5
AAL,1
AAMC,5
AAN,5
AAOI,5
AAON,5
AAP,5
AAPL,1
AAT,5
AAU,5
AAV,5
AAWW,5
AAXJ,5
AB,5
ABAX,5
ABB,5
ABBV,1
ABC,5
ABCB,5
ABCD,5
ABCO,5
ABCP,5
ABCW,5
ABDC,5
ABEO,5
ABEV,5
ABG,5
ABGBY,5
ABIO,5
ABM,5
ABMC,5
ABMD,5
ABR,5
ABT,1
ABTL,5
ABUS,5
ABX,1
ABY,5
ACAD,5
ACAS,1
ACAT,5
ACC,5
ACCO,5
ACET,5
ACFC,5
ACFN,5
ACG,5
ACGL,5
ACH,5
ACHC,5
ACHI,5
ACHN,5
ACIA,5
ACIW,5
ACLS,5
ACM,5
ACME,5
ACN,5
ACNDF,5
ACOR,5
ACRE,5
ACRX,5
ACSF,5
ACTA,5
ACTG,5
ACTL,5
ACTS,5
ACU,5
ACUR,5
ACUS,5
ACV,5
ACW,5
ACWI,5
ACWV,5
ACWX,5
ACXM,5
ACY,5
ADAP,5
ADAT,5
ADBE,1
ADC,5
ADES,5
ADGE,5
ADHD,5
ADI,5
ADK,5
ADM,1
ADMP,5
ADMS,5
ADNT,5
ADP,5
ADPT,5
ADR,5
ADRA,5
ADRD,5
ADRE,5
ADRNY,5
ADRO,5
ADRU,5
ADS,5
ADSK,1
ADST,5
ADT,5
ADTN,5
ADUS,5
ADVM,5
ADVT,5
ADX,5
ADXS,5
ADZ,5
AE,5
AEE,5
AEG,5
AEGN,5
AEGR,5
AEGXF,5
AEHR,5
AEIS,5
AEL,5
AEM,1
AEO,5
AEP,5
AEPI,5
AER,5
AERG,5
AERI,5
AERO,5
AES,5
AET,1
AETI,5
AEY,5
AEZS,5
AF,5
AFAM,5
AFCO,5
AFFX,5
AFFY,5
AFG,5
AFH,5
AFI,5
AFK,5
AFL,1
AFMD,5
AFOP,5
AFSI,5
AFTY,5
AG,5
AGA,5
AGC,5
AGCO,5
AGD,5
AGEN,5
AGF,5
AGFS,5
AGG,5
AGI,5
AGII,5
AGIO,5
AGIX,5
AGM,5
AGN,5
AGNC,1
AGO,1
AGQ,5
AGR,5
AGRO,5
AGTC,5
AGU,5
AGX,5
AGYS,5
AGZ,5
AHC,5
AHGP,5
AHH,5
AHII,5
AHL,5
AHP,5
AHT,5
AI,5
AIA,5
AIG,1
AIMC,5
AIMT,5
AIN,5
AINC,5
AINV,5
AIQ,5
AIR,5
AIRI,5
AIRM,5
AIT,5
AIV,5
AIXG,5
AIZ,5
AJG,5
AJRD,5
AKAM,1
AKAO,5
AKBA,5
AKG,5
AKR,5
AKRX,5
AKS,1
AKZOY,5
AL,5
ALAN,5
ALB,5
ALBO,5
ALCO,5
ALD,5
ALDR,5
ALDW,5
ALE,5
ALEX,5
ALFA,5
ALG,5
ALGN,5
ALGT,5
ALIM,5
ALJ,5
ALK,5
ALKS,5
ALL,1
ALLE,5
ALLT,5
ALLY,5
ALNY,5
ALOG,5
ALOT,5
ALPMY,5
ALQA,5
ALR,5
ALRM,5
ALSC,5
ALSK,5
ALSN,5
ALTI,5
ALTX,5
ALU,5
ALV,5
ALX,5
ALXA,5
ALXN,5
AM,5
AMAG,5
AMAT,1
AMBA,5
AMBC,5
AMBR,5
AMBTQ,5
AMC,5
AMCBF,5
AMCC,5
AMCN,5
AMCX,5
AMD,1
AME,5
AMED,1
AMEN,5
AMFW,5
AMG,5
AMGN,1
AMH,5
AMID,5
AMJ,5
AMKR,5
AMLP,5
AMN,5
AMNB,5
AMOT,5
AMP,5
AMPE,5
AMPH,5
AMRB,5
AMRC,5
AMRI,5
AMRN,1
AMRS,5
AMS,5
AMSC,5
AMSF,5
AMSWA,5
AMT,5
AMTCQ,5
AMTD,5
AMTG,5
AMTY,5
AMWD,5
AMX,5
AMZGQ,5
AMZN,1
AN,5
ANAC,5
ANAD,5
ANAT,5
ANCX,5
ANDE,5
ANET,5
ANF,1
ANFI,5
ANGI,5
ANGL,5
ANGO,5
ANH,5
ANIK,5
ANIP,5
ANRZQ,5
ANSS,5
ANTH,5
ANTM,1
ANW,5
ANY,5
AOA,5
AOBI,5
AOD,5
AOI,5
AOK,5
AOM,5
AON,5
AOR,5
AOS,5
AOSL,5
AP,5
APA,1
APAM,5
APB,5
APC,1
APD,5
APDN,5
APEI,5
APEMY,5
APF,5
APFH,5
APH,5
APIC,5
APLE,5
APLP,5
APO,5
APOG,5
APOL,1
APPCQ,5
APPS,5
APPY,5
APRI,5
APT,5
APTI,5
APTS,5
APU,5
APVO,5
AQMS,5
AQN,5
AQXP,5
AR,5
ARA,5
ARAY,5
ARC,5
ARCB,5
ARCC,5
ARCH,5
ARCI,5
ARCO,5
ARCTF,5
ARCW,5
ARDM,5
ARDX,5
ARE,5
ARES,5
AREX,5
ARG,5
ARGS,5
ARGT,5
ARI,5
ARIA,5
ARII,5
ARKAY,5
ARL,5
ARLP,5
ARLZ,5
ARMH,5
ARMK,5
ARNA,1
ARNC,1
AROC,5
AROPQ,5
AROW,5
ARPI,5
ARPJQ,5
ARQL,5
ARR,5
ARRS,5
ARRY,5
ARTNA,5
ARTW,5
ARTX,5
ARW,5
ARWR,5
ASA,5
ASB,5
ASC,5
ASCMA,5
ASEI,5
ASFI,5
ASG,5
ASGN,5
ASH,5
ASHR,1
ASHS,5
ASIX,5
ASMB,5
ASMIY,5
ASML,5
ASNA,5
ASPN,5
ASPS,5
ASR,5
ASRV,5
AST,5
ASTC,5
ASTE,5
ASTI,5
ASX,5
ASYS,5
AT,5
ATAI,5
ATAX,5
ATEA,5
ATEC,5
ATEN,5
ATEYY,5
ATGFF,5
ATHM,5
ATHN,5
ATHX,5
ATI,5
ATLC,5
ATLO,5
ATLS,5
ATML,5
ATNI,5
ATNM,5
ATNY,5
ATO,5
ATR,5
ATRA,5
ATRC,5
ATRI,5
ATRM,5
ATRO,5
ATROB,5
ATRS,5
ATSG,5
ATTU,5
ATU,5
ATV,5
ATVI,1
ATW,5
AU,5
AUDC,5
AUM,5
AUMN,5
AUNZ,5
AUO,5
AUPH,5
AUY,1
AV,5
AVA,5
AVAV,5
AVB,5
AVD,5
AVEO,5
AVGO,5
AVGR,5
AVGTF,5
AVH,5
AVHI,5
AVID,5
AVIR,5
AVK,5
AVLNF,5
AVNW,5
AVOL,5
AVP,5
AVT,5
AVX,5
AVXL,5
AVY,5
AWCMY,5
AWH,5
AWI,5
AWK,5
AWP,5
AWR,5
AWRE,5
AWX,5
AXAHY,5
AXAS,5
AXDX,5
AXE,5
AXGN,5
AXL,5
AXLL,5
AXON,5
AXP,1
AXR,5
AXS,5
AXTA,5
AXTI,5
AXU,5
AYA,5
AYI,5
AYR,5
AYT,5
AYTU,5
AZN,5
AZO,5
AZPN,5
AZSEY,5
AZUR,5
AZZ,5
B,5
BA,1
BAA,5
BAB,5
BABA,1
BABY,5
BAC,1
BAH,5
BAJFF,5
BAK,5
BAL,5
BAM,5
BANC,5
BANF,5
BANR,5
BAP,5
BAS,5
BATRA,5
BATRK,5
BATRR,5
BATS,5
BAX,1
BAYRY,5
BBBY,1
BBC,5
BBCZ,5
BBD,1
BBEPQ,5
BBG,5
BBGI,5
BBH,5
BBK,5
BBL,5
BBOX,5
BBRG,5
BBRY,1
BBSI,5
BBT,1
BBU,5
BBVA,5
BBW,5
BBX,5
BBY,1
BC,5
BCBP,5
BCC,5
BCE,5
BCEI,5
BCH,5
BCLI,5
BCML,5
BCO,5
BCOR,5
BCOV,5
BCPC,5
BCR,5
BCRH,5
BCRX,1
BCS,5
BCV,5
BDBD,5
BDC,5
BDD,5
BDE,5
BDG,5
BDGE,5
BDL,5
BDN,5
BDR,5
BDSI,5
BDX,5
BEAT,5
BEAV,5
BEBE,5
BECN,5
BEL,5
BELFA,5
BELFB,5
BEN,5
BERK,5
BERY,5
BETR,5
BF/A,5
BF/B,5
BFAM,5
BFCF,5
BFIN,5
BFOR,5
BFR,5
BFS,5
BFZ,5
BG,5
BGC,5
BGCP,5
BGFV,5
BGG,5
BGH,5
BGI,5
BGMD,5
BGS,5
BGT,5
BGY,5
BH,5
BHB,5
BHBK,5
BHE,5
BHI,1
BHK,5
BHL,5
BHLB,5
BHP,1
BIB,5
BID,5
BIDU,1
BIF,5
BIG,5
BIGD,5
BIIB,5
BIK,5
BIL,5
BIN,5
BINDQ,5
BIO,5
BIO/B,5
BIOA,5
BIOC,5
BIOL,5
BIOS,5
BIP,5
BIS,5
BITA,5
BITE,5
BIV,5
BJE,5
BJK,5
BJRI,5
BJZ,5
BK,1
BKCC,5
BKD,5
BKE,5
BKEP,5
BKF,5
BKFS,5
BKH,5
BKLN,5
BKMU,5
BKS,5
BKT,5
BKU,5
BKX,5
BLCM,5
BLD,5
BLDP,5
BLDR,5
BLE,5
BLGA,5
BLK,5
BLKB,5
BLL,5
BLMN,5
BLMT,5
BLOX,5
BLPG,5
BLT,5
BLUE,5
BLV,5
BLX,5
BMA,5
BMCH,5
BMI,5
BMO,5
BMR,5
BMRC,5
BMRN,5
BMS,5
BMTC,5
BMY,1
BNCL,5
BNCN,5
BND,5
BNDS,5
BNDX,5
BNED,5
BNFT,5
BNO,5
BNS,5
BNSO,5
BOBE,5
BOCH,5
BODY,5
BOE,5
BOFI,5
BOH,5
BOIL,5
BOJA,5
BOKF,5
BOM,5
BONA,5
BOND,5
BONT,5
BOOM,5
BOOT,5
BORN,5
BOS,5
BOX,5
BP,1
BPFH,5
BPI,5
BPK,5
BPL,5
BPMC,5
BPOP,1
BPT,5
BPTH,5
BPY,5
BR,5
BRB,5
BRC,5
BRCD,1
BRCM,5
BREW,5
BRF,5
BRFS,5
BRG,5
BRGYY,5
BRID,5
BRK/A,5
BRK/B,1
BRKL,5
BRKR,5
BRKS,5
BRN,5
BRO,5
BRS,5
BRSS,5
BRT,5
BRX,5
BRZU,5
BSAC,5
BSBR,5
BSD,5
BSET,5
BSF,5
BSFT,5
BSGC,5
BSHF,5
BSIRY,5
BSM,5
BSMX,5
BSQR,5
BSRR,5
BSTC,5
BSTG,5
BSV,5
BSX,1
BT,5
BTE,5
BTG,5
BTI,5
BTK,5
BTN,5
BTT,5
BTUUQ,5
BTX,5
BTZ,5
BUD,5
BUFF,5
BURL,5
BUSE,5
BV,5
BVN,5
BVSN,5
BVX,5
BW,5
BWA,5
BWEN,5
BWINB,5
BWL/A,5
BWLD,5
BWP,5
BWV,5
BWX,5
BWXT,5
BWZ,5
BX,1
BXC,5
BXE,5
BXMT,5
BXP,5
BXS,5
BYD,5
BZF,5
BZH,5
BZJ,5
BZQ,5
BZUN,5
C,1
CA,5
CAA,5
CAAS,5
CAB,5
CAC,5
CACB,5
CACC,5
CACH,5
CACI,5
CACQ,5
CAE,5
CAF,5
CAFD,5
CAG,5
CAH,5
CAI,5
CAJ,5
CAKE,5
CAL,5
CALA,5
CALD,5
CALL,5
CALM,5
CALX,5
CAM,5
CAMP,5
CAMT,5
CANF,5
CAPL,5
CAR,5
CARA,5
CARB,5
CAS,5
CASC,5
CASH,5
CASI,5
CASM,5
CASS,5
CASY,5
CAT,1
CATM,5
CATO,5
CATS,5
CATY,5
CAVM,5
CAW,5
CB,5
CBAK,5
CBAN,5
CBB,5
CBD,5
CBF,5
CBG,5
CBI,5
CBIO,5
CBK,5
CBL,5
CBLI,5
CBLRF,5
CBM,5
CBMG,5
CBMX,5
CBNJ,5
CBOE,5
CBOLD,5
CBON,5
CBPO,5
CBPX,5
CBR,5
CBRL,5
CBS,1
CBS/A,5
CBSH,5
CBT,5
CBU,5
CBZ,5
CC,5
CCA,5
CCBG,5
CCC,5
CCE,5
CCF,5
CCG,5
CCGM,5
CCI,5
CCIH,5
CCJ,5
CCK,5
CCL,5
CCLP,5
CCM,5
CCMP,5
CCNE,5
CCO,5
CCOI,5
CCOP,5
CCP,5
CCRN,5
CCS,5
CCU,5
CCUR,5
CCX,5
CCXI,5
CDCO,5
CDCOR,5
CDD,5
CDE,5
CDEV,5
CDI,5
CDIID,5
CDK,5
CDNS,5
CDR,5
CDVIQ,5
CDW,5
CDXC,5
CDXS,5
CDZI,5
CE,5
CEA,5
CEAI,5
CEB,5
CECE,5
CECO,5
CEE,5
CEF,5
CEL,5
CELG,1
CEMP,5
CENT,5
CENTA,5
CENX,1
CEO,5
CEQP,5
CERE,5
CERN,5
CERS,5
CERU,5
CET,5
CETC,5
CETV,5
CEV,5
CEVA,5
CEW,5
CF,1
CFFI,5
CFFN,5
CFG,5
CFI,5
CFMS,5
CFNB,5
CFNL,5
CFR,5
CFX,5
CG,5
CGA,5
CGEN,5
CGG,5
CGI,5
CGIX,5
CGNT,5
CGNX,5
CGO,5
CGW,5
CHA,5
CHAD,5
CHAU,5
CHCI,5
CHCO,5
CHD,5
CHDN,5
CHE,5
CHEF,5
CHEV,5
CHFC,5
CHFN,5
CHGG,5
CHGS,5
CHH,5
CHII,5
CHIQ,5
CHIX,5
CHK,1
CHKE,5
CHKP,5
CHKR,5
CHL,5
CHLN,5
CHME,5
CHMG,5
CHMP,5
CHMT,5
CHN,5
CHNR,5
CHOB,5
CHOPF,5
CHRS,5
CHRW,5
CHRYY,5
CHS,5
CHSP,5
CHT,5
CHTR,5
CHU,5
CHUBA,5
CHUBK,5
CHUY,5
CHW,5
CHY,5
CI,1
CIA,5
CIB,5
CIBR,5
CIDM,5
CIE,5
CIEN,1
CIF,5
CIFC,5
CIG,5
CIK,5
CIM,5
CINF,5
CIO,5
CIR,5
CISG,5
CIT,1
CIU,5
CIVI,5
CIX,5
CJESQ,5
CKEC,5
CKH,5
CKNTF,5
CKP,5
CKX,5
CL,1
CLB,5
CLBH,5
CLBS,5
CLC,5
CLCD,5
CLCT,5
CLD,5
CLDT,5
CLDX,5
CLF,1
CLFD,5
CLGX,5
CLH,5
CLI,5
CLIR,5
CLLS,5
CLMS,5
CLMT,5
CLNE,5
CLNY,5
CLPHF,5
CLR,5
CLRN,5
CLRO,5
CLS,5
CLSN,5
CLUB,5
CLVS,5
CLW,5
CLWT,5
CLX,5
CLXS,5
CLY,5
CM,5
CMA,1
CMC,5
CMCM,5
CMCO,5
CMCSA,1
CMD,5
CMDOLD,5
CME,5
CMF,5
CMFN,5
CMFO,5
CMG,5
CMGHF,5
CMI,5
CMLS,5
CMO,5
CMP,5
CMPR,5
CMRE,5
CMRX,5
CMS,5
CMT,5
CMTL,5
CMU,5
CN,5
CNA,5
CNAT,5
CNBKA,5
CNC,5
CNCE,5
CNCT,5
CNDA,5
CNET,5
CNHI,5
CNI,5
CNIT,5
CNK,5
CNL,5
CNMD,5
CNNX,5
CNO,5
CNOB,5
CNP,5
CNQ,5
CNS,5
CNSL,5
CNTF,5
CNTY,5
CNV,5
CNX,1
CNXN,5
CNXT,5
CNY,5
CO,5
COB,5
COBZ,5
CODI,5
COF,1
COG,5
COGT,5
COH,5
COHR,5
COHU,5
COKE,5
COL,5
COLB,5
COLL,5
COLM,5
COMM,5
COMP,5
CONE,5
CONN,5
COO,5
COOL,5
COP,1
COPX,5
COR,5
CORE,5
CORN,5
CORR,5
CORT,5
COSI,5
COST,1
COT,5
COTV,5
COTY,5
COUP,5
COVS,5
COW,5
COWN,5
CP,5
CPA,5
CPB,5
CPE,5
CPF,5
CPG,5
CPGX,5
CPHD,5
CPHI,5
CPI,5
CPIX,5
CPK,5
CPL,5
CPLA,5
CPLP,5
CPN,5
CPPL,5
CPRT,5
CPRX,5
CPS,5
CPSI,5
CPSL,5
CPSS,5
CPST,5
CPT,5
CPTA,5
CPXX,5
CQH,5
CQP,5
CQQQ,5
CR,5
CRAI,5
CRAY,5
CRBP,5
CRBQ,5
CRC,5
CRCM,5
CRD/A,5
CRD/B,5
CRDS,5
CREAF,5
CRED,5
CREE,1
CREG,5
CRESY,5
CREX,5
CRH,5
CRI,5
CRIS,5
CRK,5
CRL,5
CRM,1
CRMD,5
CRME,5
CRMT,5
CRNT,5
CROC,5
CROP,5
CROX,5
CRR,5
CRRRF,5
CRS,5
CRT,5
CRTO,5
CRUS,5
CRVL,5
CRWN,5
CRWS,5
CRY,5
CRYO,5
CRZO,5
CS,5
CSA,5
CSAL,5
CSBI,5
CSBK,5
CSC,5
CSCD,5
CSCO,1
CSD,5
CSFL,5
CSGH,5
CSGP,5
CSGS,5
CSH,5
CSII,5
CSIQ,5
CSJ,5
CSL,5
CSLT,5
CSM,5
CSOD,5
CSQ,5
CSRA,5
CSS,5
CST,5
CSTE,5
CSTM,5
CSU,5
CSUNY,5
CSV,5
CSWC,5
CSX,1
CTAS,5
CTB,5
CTBI,5
CTBK,5
CTCM,5
CTCT,5
CTG,5
CTGO,5
CTHR,5
CTIC,1
CTL,5
CTLT,5
CTO,5
CTRE,5
CTRL,5
CTRN,5
CTRP,5
CTRV,5
CTS,5
CTSH,5
CTSO,5
CTT,5
CTWS,5
CTXS,5
CUB,5
CUBE,5
CUBI,5
CUDA,5
CUI,5
CUK,5
CUNB,5
CUO,5
CUR,5
CURE,5
CUT,5
CUTR,5
CUZ,5
CVA,5
CVBF,5
CVC,5
CVCO,5
CVCY,5
CVE,5
CVEO,5
CVG,5
CVGI,5
CVGW,5
CVI,5
CVLT,5
CVM,5
CVO,5
CVR,5
CVRR,5
CVS,1
CVST,5
CVT,5
CVTI,5
CVU,5
CVX,1
CVY,5
CW,5
CWB,5
CWCO,5
CWEI,5
CWGL,5
CWH,5
CWI,5
CWST,5
CWT,5
CX,1
CXA,5
CXCQ,5
CXDC,5
CXE,5
CXO,5
CXP,5
CXRX,5
CXW,5
CY,5
CYB,5
CYBE,5
CYBR,5
CYCC,5
CYD,5
CYH,5
CYHHZ,5
CYNA,5
CYNO,5
CYOU,5
CYPE,5
CYRN,5
CYS,5
CYTK,5
CYTR,5
CYTX,5
CZA,5
CZH,5
CZNC,5
CZR,5
CZZ,5
D,5
DAC,5
DAG,5
DAKT,5
DAL,1
DAN,5
DANG,5
DAR,5
DATA,5
DATE,5
DAVE,5
DB,5
DBA,5
DBB,5
DBC,5
DBD,5
DBE,5
DBEF,5
DBEU,5
DBJP,5
DBO,5
DBOEF,5
DBOEY,5
DBP,5
DBS,5
DBU,5
DBV,5
DBVT,5
DCI,5
DCIX,5
DCM,5
DCO,5
DCOM,5
DCT,5
DCTH,1
DD,1
DDAIF,5
DDC,5
DDD,1
DDE,5
DDF,5
DDG,5
DDM,5
DDP,5
DDR,5
DDS,5
DDX,5
DE,1
DEA,5
DECK,5
DEE,5
DEER,5
DEF,5
DEG,5
DEI,5
DEL,5
DEM,5
DENN,5
DEO,5
DEPO,5
DERM,5
DES,5
DESC,5
DEST,5
DEW,5
DF,5
DFE,5
DFIN,5
DFJ,5
DFRG,5
DFS,5
DFT,5
DG,5
DGAS,5
DGI,5
DGICA,5
DGII,5
DGL,5
DGLY,5
DGP,5
DGRW,5
DGS,5
DGT,5
DGX,5
DGZ,5
DHF,5
DHG,5
DHI,1
DHIL,5
DHOXD,5
DHR,5
DHS,5
DHT,5
DHX,5
DIA,1
DIG,5
DIGI,5
DIM,5
DIN,5
DIOD,5
DIS,1
DISCA,5
DISCK,5
DISH,5
DIT,5
DIVD,5
DJCO,5
DJP,5
DJR,5
DJX,1
DK,5
DKL,5
DKS,5
DL,5
DLA,5
DLB,5
DLN,5
DLNG,5
DLPH,5
DLR,5
DLS,5
DLTH,5
DLTR,5
DLX,5
DM,5
DMB,5
DMF,5
DMLP,5
DMRC,5
DNB,5
DNKN,5
DNL,5
DNN,5
DNO,5
DNOW,5
DNR,5
DO,1
DOC,5
DOD,5
DOG,5
DOL,5
DOMR,5
DON,5
DOO,5
DOOR,5
DORM,5
DOV,5
DOW,1
DOX,5
DPK,5
DPLO,5
DPM,5
DPS,5
DPU,5
DPW,5
DPZ,5
DQ,5
DRAD,5
DRAM,5
DRD,5
DRE,5
DRG,5
DRH,5
DRI,5
DRII,5
DRIP,5
DRN,5
DRNA,5
DRQ,5
DRR,5
DRRX,5
DRV,5
DRW,5
DRWI,5
DRYS,1
DSCI,5
DSGX,5
DSI,5
DSKY,5
DSL,5
DSM,5
DSPG,5
DSS,5
DST,5
DSTI,5
DSU,5
DSW,5
DSWL,5
DSX,5
DTD,5
DTE,5
DTEA,5
DTEGY,5
DTF,5
DTH,5
DTLK,5
DTN,5
DTNOF,5
DTO,5
DTRM,5
DTSI,5
DTX,5
DUC,5
DUETF,5
DUG,5
DUK,5
DUST,5
DUX,5
DV,5
DVA,5
DVAX,5
DVD,5
DVLY,5
DVMT,5
DVN,1
DVS,5
DVY,5
DW,5
DWA,5
DWAS,5
DWCH,5
DWM,5
DWRE,5
DWSN,5
DWX,5
DX,5
DXCM,5
DXD,5
DXJ,1
DXJS,5
DXL,5
DXLG,5
DXMMQ,5
DXPE,5
DXR,5
DXS,5
DXTR,5
DXYN,5
DY,5
DYAI,5
DYAX,5
DYN,5
DYY,5
DZK,5
DZSI,5
DZZ,5
E,5
EA,1
EAC,5
EAD,5
EARN,5
EARS,5
EAT,5
EBAY,1
EBF,5
EBIO,5
EBIX,5
EBND,5
EBR,5
EBR/B,5
EBS,5
EBSB,5
EBTC,5
EC,5
ECA,5
ECF,5
ECH,5
ECHO,5
ECL,5
ECM,5
ECNS,5
ECOL,5
ECOM,5
ECON,5
ECPG,5
ECR,5
ECT,5
ECTE,5
ECYT,5
ED,5
EDAP,5
EDC,5
EDD,5
EDE,5
EDGW,5
EDIG,5
EDIT,5
EDIV,5
EDMC,5
EDN,5
EDR,5
EDU,5
EDV,5
EDZ,5
EE,5
EEA,5
EEB,5
EEFT,5
EEH,5
EEI,5
EELV,5
EEM,1
EEMV,5
EEP,5
EEQ,5
EES,5
EET,5
EEV,5
EFA,1
EFAV,5
EFC,5
EFG,5
EFII,5
EFOI,5
EFSC,5
EFT,5
EFU,5
EFUT,5
EFV,5
EFX,5
EFZ,5
EGAN,5
EGAS,5
EGBN,5
EGHT,5
EGI,5
EGL,5
EGLE,5
EGLT,5
EGN,5
EGO,5
EGOV,5
EGP,5
EGRAF,5
EGRX,5
EGT,5
EGY,5
EHI,5
EHTH,5
EIDO,5
EIG,5
EIGI,5
EIGR,5
EIS,5
EIX,5
EJ,5
EL,5
ELCO,5
ELD,5
ELGX,5
ELLI,5
ELNK,5
ELON,5
ELOS,5
ELP,5
ELRC,5
ELS,5
ELSE,5
ELY,5
EMAG,5
EMAN,5
EMB,5
EMCI,5
EME,5
EMES,5
EMF,5
EMG,5
EMI,5
EMIF,5
EMIS,5
EMITF,5
EMKR,5
EML,5
EMLC,5
EMLP,5
EMMS,5
EMN,5
EMO,5
EMR,5
ENB,5
ENBL,5
ENDO,5
ENDP,5
ENDRQ,5
ENG,5
ENH,5
enht,5
ENIA,5
ENIC,5
ENLC,5
ENLK,5
ENOC,5
ENPH,5
ENR,5
ENS,5
ENSG,5
ENSV,5
ENT,5
ENTA,5
ENTG,5
ENV,5
ENVA,5
ENY,5
ENZ,5
ENZL,5
ENZN,5
ENZY,5
EOCC,5
EOD,5
EOG,1
EOS,5
EOXLQ,5
EPAM,5
EPAY,5
EPC,5
EPD,5
EPE,5
EPHE,5
EPI,5
EPIQ,5
EPIX,5
EPM,5
EPP,5
EPR,5
EPRSQ,5
EPS,5
EPU,5
EPV,5
EPX,5
EPZM,5
EQC,5
EQGP,5
EQIX,5
EQM,5
EQR,5
EQS,5
EQT,5
EQY,5
ERA,5
ERC,5
ERF,5
ERI,5
ERIC,5
ERIE,5
ERII,5
ERJ,5
ERN,5
ERO,5
EROS,5
ERS,5
ERX,5
ERY,5
ES,5
ESCA,5
ESCC,5
ESCRQ,5
ESE,5
ESEA,5
ESGR,5
ESINQ,1
ESIO,5
ESL,5
ESLT,5
ESND,5
ESNT,5
ESP,5
ESPR,5
ESRT,5
ESRX,1
ESS,5
ESSA,5
ESSX,5
ESV,5
ESX,5
ETE,1
ETFC,1
ETG,5
ETH,5
ETM,5
ETN,5
ETO,5
ETP,5
ETR,5
ETRM,5
ETSY,5
ETV,5
ETW,5
EUFN,5
EUFX,5
EUM,5
EUO,5
EURL,5
EURN,5
EUSC,5
EUU,5
EV,5
EVA,5
EVBS,5
EVC,5
EVDY,5
EVEIQ,5
EVEP,5
EVER,5
EVF,5
EVG,5
EVH,5
EVHC,5
EVJ,5
EVLV,5
EVO,5
EVOL,5
EVP,5
EVR,5
EVRI,5
EVT,5
EVTC,5
EVTCY,5
EVV,5
EVX,5
EVY,5
EVZ,5
EW,5
EWA,5
EWBC,5
EWC,5
EWD,5
EWG,5
EWH,5
EWI,5
EWJ,1
EWK,5
EWL,5
EWM,5
EWN,5
EWO,5
EWP,5
EWQ,5
EWS,5
EWT,1
EWU,5
EWV,5
EWW,1
EWX,5
EWY,1
EWZ,1
EXA,5
EXAC,5
EXAM,5
EXAR,5
EXAS,5
EXC,5
EXEL,5
EXFO,5
EXI,5
EXK,5
EXLS,5
EXP,5
EXPD,5
EXPE,5
EXPO,5
EXPR,5
EXR,5
EXT,5
EXTN,5
EXTR,5
EXXIQ,5
EYES,5
EZA,5
EZCH,5
EZJ,5
EZM,5
EZPW,5
EZU,5
EZY,5
F,1
FAB,5
FABU,5
FAC,5
FAD,5
FAF,5
FALC,5
FAN,5
FANG,5
FARM,5
FARO,5
FAS,1
FAST,5
FAX,5
FAZ,1
FB,1
FBC,5
FBHS,5
FBIO,5
FBIZ,5
FBNC,5
FBNK,5
FBP,5
FBR,5
FBRC,5
FBT,5
FC,5
FCA,5
FCAU,5
FCB,5
FCBC,5
FCCY,5
FCE/A,5
FCEL,5
FCF,5
FCFS,5
FCG,5
FCH,5
FCN,5
FCNCA,5
FCPT,5
FCS,5
FCSC,5
FCX,1
FDC,5
FDD,5
FDEF,5
FDI,5
FDL,5
FDM,5
FDML,5
FDN,5
FDP,5
FDS,5
FDUS,5
FDX,1
FE,5
FEIC,5
FELE,5
FELP,5
FEM,5
FENG,5
FENY,5
FEP,5
FES,5
FET,5
FEU,5
FEX,5
FEYE,1
FEZ,5
FF,5
FFA,5
FFBC,5
FFC,5
FFG,5
FFIC,5
FFIN,5
FFIV,1
FFKT,5
FFNW,5
FFR,5
FGD,5
FGEN,5
FGL,5
FGP,5
FH,1
FHB,5
FHCO,5
FHLC,5
FHN,5
FI,5
FIBK,5
FICO,5
FIF,5
FIG,5
FII,5
FINL,5
FIS,1
FISI,5
FISV,5
FIT,1
FITB,1
FIVE,5
FIVN,5
FIW,5
FIX,5
FIZZ,5
FL,5
FLDM,5
FLEX,1
FLIC,5
FLIR,5
FLKS,5
FLM,5
FLML,5
FLO,5
FLOT,5
FLOW,5
FLR,5
FLS,5
FLT,5
FLTX,5
FLWS,5
FLXN,5
FLXS,5
FLY,5
FM,5
FMAT,5
FMBI,5
FMC,5
FMCC,5
FMD,5
FMER,5
FMI,5
FMN,5
FMNB,5
FMO,5
FMS,5
FMSA,5
FMX,5
FN,5
FNB,5
FNBC,5
FNCL,5
FNCX,5
FNDE,5
FNDF,5
FNDX,5
FNF,5
FNFG,5
FNFV,5
FNGN,5
FNHC,5
FNI,5
FNLC,5
FNMA,5
FNSR,5
FNV,5
FNX,5
FOE,5
FOLD,5
FOMX,5
FONR,5
FOR,5
FORM,5
FORR,5
FOSL,5
FOX,5
FOXA,5
FOXF,5
FPFC,5
FPI,5
FPO,5
FPP,5
FPRX,5
FPX,5
FR,5
FRA,5
FRAK,5
FRAN,5
FRBK,5
FRC,5
FRD,5
FRED,5
FREEF,5
FRFHF,5
FRGI,5
FRI,5
FRM,5
FRME,5
FRN,5
FRO,5
FRP,5
FRPH,5
FRPT,5
FRSH,5
FRT,5
FSBK,5
FSC,5
FSFR,5
FSI,5
FSIC,5
FSLR,1
FSM,5
FSP,5
FSS,5
FSTR,5
FSYS,5
FTA,5
FTAG,5
FTAI,5
FTC,5
FTD,5
FTEC,5
FTEK,5
FTI,5
FTK,5
FTNT,5
FTR,5
FTRI,5
FTS,5
FTV,5
FUD,5
FUE,5
FUEL,5
FUL,5
FULL,5
FULT,5
FUM,5
FUN,5
FUNC,5
FUR,5
FUSB,5
FV,5
FVD,5
FVE,5
FVL,5
FVX,5
FWMHQ,5
FWP,5
FWRD,5
FXA,5
FXB,5
FXC,5
FXCB,5
FXCM,5
FXD,5
FXE,1
FXF,5
FXG,5
FXH,5
FXI,1
FXL,5
FXN,5
FXO,5
FXP,1
FXR,5
FXS,5
FXU,5
FXY,5
FXZ,5
FYX,5
G,5
GAB,5
GABC,5
GAF,5
GAIA,5
GAIN,5
GALE,5
GALT,5
GARS,5
GAS,5
GASL,5
GASS,5
GASX,5
GATX,5
GAZ,5
GBB,5
GBCI,5
GBDC,5
GBF,5
GBL,5
GBLI,5
GBNK,5
GBP,5
GBR,5
GBT,5
GBX,5
GCAP,5
GCC,5
GCE,5
GCFB,5
GCH,5
GCI,5
GCO,5
GCP,5
GCVRZ,5
GD,5
GDDY,5
GDEN,5
GDF,5
GDOT,5
GDPMQ,5
GDRZF,5
GDV,5
GDX,1
GDXJ,5
GDXS,5
GDXX,5
GE,1
GEF,5
GEL,5
GEM,5
GEN,5
GENE,5
GEO,5
GEOS,5
GERN,5
GES,5
GEVO,5
GEX,5
GFA,5
GFF,5
GFI,1
GFIG,5
GFN,5
GG,1
GGAL,5
GGB,5
GGG,5
GGP,1
GGT,5
GHC,5
GHDX,5
GHL,5
GHM,5
GHS,5
GIB,5
GIFI,5
GIGA,5
GIGM,5
GII,5
GIII,5
GIKLY,5
GIL,5
GILD,1
GILT,5
GIMO,5
GIS,1
GK,5
GKOS,5
GLAD,5
GLBL,5
GLCH,5
GLD,1
GLDD,5
GLDI,5
GLDN,5
GLF,5
GLL,5
GLNG,5
GLOB,5
GLOG,5
GLOP,5
GLP,5
GLPG,5
GLPI,5
GLPW,5
GLRE,5
GLRI,5
GLT,5
GLUU,5
GLW,1
GLYC,5
GM,1
GMAN,5
GMCR,5
GME,1
GMED,5
GMET,5
GMF,5
GML,5
GMLP,5
GMM,5
GMO,5
GNBC,5
GNC,5
GNCA,5
GNCMA,5
GNE,5
GNL,5
GNMK,5
GNOW,5
GNR,5
GNRC,5
GNRT,5
GNTX,5
GNVC,5
GNW,1
GOEX,5
GOGL,5
GOGO,5
GOL,5
GOLD,5
GOLF,5
GOOD,5
GOOG,5
GOOGL,5
GORO,5
GOV,5
GPC,5
GPI,5
GPIC,5
GPK,5
GPL,5
GPN,5
GPOR,5
GPRE,5
GPRO,1
GPS,1
GPT,5
GPX,5
GRA,5
GRAM,5
GRBK,5
GRC,5
GREK,5
GRFS,5
GRI,5
GRIF,5
GRMN,1
GRN,5
GRO,5
GROW,5
GRP/U,5
GRPN,1
GRR,5
GRU,5
GRUB,5
GRX,5
GS,1
GSAT,5
GSB,5
GSBC,5
GSC,5
GSG,5
GSH,5
GSIE,5
GSIH,5
GSIT,5
GSK,5
GSL,5
GSLC,5
GSM,5
GSOL,5
GSP,5
GSS,5
GST,5
GSVC,5
GT,5
GTATQ,5
GTE,5
GTIM,5
GTLS,5
GTN,5
GTS,5
GTT,5
GTU,5
GTXI,5
GTY,5
GUID,5
GULF,5
GULTU,5
GUNR,5
GUR,5
GURE,5
GURU,5
GUSH,5
GUT,5
GV,5
GVA,5
GVI,5
GVP,5
GVZ,5
GWB,5
GWL,5
GWPH,5
GWR,5
GWRE,5
GWW,5
GWX,5
GXC,5
GXG,5
GXP,5
GYRO,5
GZT,5
H,5
HA,5
HABT,5
HACK,5
HAE,5
HAFC,5
HAIN,5
HAL,1
HALL,5
HALO,5
HAO,5
HAP,5
HAR,5
HAS,5
HASI,5
HAWK,5
HAYN,5
HBAN,1
HBCP,5
HBHC,5
HBI,5
HBIO,5
HBM,5
HBNC,5
HBP,5
HCA,5
HCCI,5
HCHC,5
HCI,5
HCKT,5
HCLP,5
HCN,5
HCOM,5
HCP,5
HCSG,5
HD,1
HDB,5
HDGE,5
HDNG,5
HDP,5
HDS,5
HDSN,5
HDV,5
HDYN,5
HE,5
HEAR,5
HEAT,5
HEB,5
HECO,5
HEDJ,5
HEES,5
HEFA,5
HEI,5
HEI/A,5
HELE,5
HELIQ,5
HEOP,5
HEP,5
HEROQ,5
HES,1
HESG,5
HEWG,5
HEWJ,5
HEZU,5
HF,5
HFC,5
HFWA,5
HGG,5
HGI,5
HGT,5
HGX,5
HH,5
HHC,5
HHO,5
HHS,5
HI,5
HIBB,5
HIFR,5
HIFS,5
HIG,1
HII,5
HIIQ,5
HIL,5
HIMX,5
HIO,5
HIVE,5
HIW,5
HIX,5
HK,5
HKO,5
HKOR,5
HKTVY,5
HL,1
HLF,1
HLI,5
HLIT,5
HLS,5
HLT,5
HLTH,5
HLX,5
HMC,5
HMG,5
HMHC,5
HMIN,5
HMLP,5
HMN,5
HMNF,5
HMST,5
HMSY,5
HMTV,5
HMY,5
HNGR,5
HNH,5
HNI,5
HNP,5
HNR,5
HNRG,5
HNSN,5
HNT,5
HOFD,5
HOFT,5
HOG,1
HOKUQ,5
HOLI,5
HOLL,5
HOLX,5
HOMB,5
HOME,5
HON,1
HOPE,5
HOS,5
HOT,5
HOV,5
HP,5
HPE,5
HPF,5
HPJ,5
HPP,5
HPQ,1
HPT,5
HPY,5
HQCL,5
HQY,5
HR,5
HRAL,5
HRB,5
HRC,5
HRG,5
HRI,5
HRL,5
HRS,5
HRT,5
HRTG,5
HRTX,5
HRZN,5
HSBC,1
HSC,5
HSIC,5
HSII,5
HSKA,5
HSNI,5
HSON,5
HST,5
HSTM,5
HSY,1
HT,5
HTA,5
HTBI,5
HTBK,5
HTCH,5
HTCO,5
HTD,5
HTGC,5
HTH,5
HTHIY,5
HTHKY,5
HTHT,5
HTLD,5
HTLF,5
HTM,5
HTS,5
HTWR,5
HTZ,5
HUBB,5
HUBG,5
HUBS,5
HUI,5
HUM,5
HUN,5
HURC,5
HURN,5
HUSA,5
HUSE,5
HUSKF,5
HVT,5
HW,5
HWAY,5
HWCC,5
HWKN,5
HXL,5
HY,5
HYB,5
HYD,5
HYG,1
HYGS,5
HYH,5
HYLD,5
HYMB,5
HYS,5
HZN,5
HZNP,5
HZO,5
I,5
IAC,5
IAF,5
IAG,5
IAI,5
IAK,5
IART,5
IAT,5
IAU,5
IBB,5
IBCP,5
IBKC,5
IBKR,5
IBM,1
IBN,1
IBOC,5
IBP,5
IBTX,5
ICA,5
ICAD,5
ICB,5
ICD,5
ICE,5
ICEL,5
ICF,5
ICFI,5
ICI,5
ICL,5
ICLD,5
ICLN,5
ICLR,5
ICN,5
ICON,5
ICPT,5
ICTG,5
ICUI,5
IDA,5
IDCC,5
IDN,5
IDRA,5
IDSA,5
IDSY,5
IDT,5
IDTI,5
IDU,5
IDV,5
IDX,5
IDXG,5
IDXX,5
IEF,5
IEFA,5
IEI,5
IEMG,5
IEO,5
IEP,5
IESC,5
IEUS,5
IEV,5
IEX,5
IEZ,5
IFEU,5
IFF,5
IFGL,5
IFN,5
IFNNY,5
IFNY,5
IFON,5
IGA,5
IGE,5
IGF,5
IGM,5
IGN,5
IGNMF,5
IGOI,5
IGOV,5
IGS,5
IGT,5
IGV,5
IHC,5
IHDG,5
IHE,5
IHF,5
IHG,5
IHI,5
IHS,5
IHT,5
IHY,5
IIF,5
III,5
IIIN,5
IIJI,5
IIM,5
IIVI,5
IJH,5
IJJ,5
IJK,5
IJR,5
IJS,5
IJT,5
IKGH,5
IKNX,5
IL,5
ILF,5
ILG,5
ILMN,5
IM,5
IMAX,5
IMCL,5
IMDZ,5
IMGN,5
IMH,5
IMI,5
IMKTA,5
IMLP,5
IMMR,5
IMMU,5
IMN,5
IMO,5
IMOS,5
IMPR,5
IMPV,5
IMUC,5
INAP,5
INCR,5
INCY,5
INDA,5
INDB,5
INDL,5
INDY,5
INFI,5
INFN,5
INFO,5
INFY,5
ING,5
INGN,5
INGR,5
ININ,5
INN,5
INO,5
INOD,5
INOV,5
INP,5
INR,5
INS,5
INSG,5
INSM,5
INST,5
INSY,5
INT,5
INTC,1
INTG,5
INTL,5
INTT,5
INTU,5
INTX,5
INTZ,5
INUV,5
INVA,5
INVE,5
INVN,5
INWK,5
INXN,5
INXX,5
INY,5
IO,5
IOC,1
IONS,5
IOO,5
IOSP,5
IOT,5
IOTS,5
IP,1
IPAR,5
IPAS,5
IPAY,5
IPCC,5
IPCI,5
IPD,5
IPE,5
IPF,5
IPFF,5
IPG,5
IPGP,5
IPHI,5
IPHS,5
IPI,5
IPK,5
IPN,5
IPS,5
IPU,5
IPW,5
IPXL,5
IQI,5
IQNT,5
IR,5
IRBT,5
IRC,5
IRDM,5
IRET,5
IRG,5
IRIX,5
IRM,5
IRR,5
IRS,5
IRT,5
IRV,5
IRWD,5
IRX,5
IRY,5
ISBC,5
ISCA,5
ISGN,5
ISHG,5
ISIG,5
ISIL,5
ISL,5
ISLE,5
ISNS,5
ISON,5
ISR,5
ISRA,5
ISRG,5
ISRL,5
ISSC,5
IST,5
IT,5
ITA,5
ITB,5
ITC,5
ITCB,5
ITCI,5
ITE,5
ITEK,5
ITG,5
ITGR,5
ITI,5
ITIC,5
ITM,5
ITOT,5
ITR,5
ITRI,5
ITT,5
ITUB,5
ITW,5
IUSG,5
IUSV,5
IVAC,5
IVANF,5
IVC,5
IVE,5
IVFZF,5
IVR,5
IVV,5
IVW,5
IVZ,5
IWB,5
IWC,5
IWD,5
IWF,5
IWM,1
IWN,5
IWO,5
IWP,5
IWR,5
IWS,5
IWV,5
IX,5
IXC,5
IXG,5
IXJ,5
IXN,5
IXP,5
IXUS,5
IXYS,5
IYC,5
IYE,5
IYF,5
IYG,5
IYH,5
IYJ,5
IYK,5
IYM,5
IYR,1
IYT,5
IYW,5
IYY,5
IYZ,5
JACK,5
JAGGF,5
JAH,5
JAKK,5
JASO,5
JAX,5
JAZZ,5
JBHT,5
JBL,5
JBLU,5
JBSS,5
JBT,5
JBV,5
JCE,5
JCI,5
JCIOLD,5
JCOM,5
JCP,1
JCS,5
JCTCF,5
JD,1
JDST,5
JE,5
JEC,5
JEM,5
JETS,5
JFR,5
JGWE,5
JIVE,5
JJA,5
JJC,5
JJE,5
JJG,5
JJM,5
JJN,5
JJP,5
JJS,5
JJSF,5
JJT,5
JJU,5
JKD,5
JKE,5
JKF,5
JKG,5
JKH,5
JKHY,5
JKI,5
JKJ,5
JKK,5
JKL,5
JKS,5
JLL,5
JLMC,5
JMBA,5
JMEI,5
JMG,5
JMI,5
JMP,5
JNJ,1
JNK,5
JNP,5
JNPR,1
JNS,5
JNUG,5
JO,5
JOB,5
JOBS,5
JOE,5
JONE,5
JOUT,5
JOY,1
JPC,5
JPEP,5
JPM,1
JPN,5
JPNL,5
JPP,5
JPS,5
JPXN,5
JQC,5
JRCCQ,5
JRJC,5
JRVR,5
JSC,5
JSDA,5
JST,5
JTD,5
JTP,5
JUNO,5
JW/A,5
JWN,1
JXI,5
JYHW,5
JYN,5
K,5
KAI,5
KALU,5
KAMN,5
KANG,5
KAR,5
KATE,5
KB,5
KBAL,5
KBE,5
KBH,1
KBIO,5
KBK,5
KBR,5
KBWB,5
KCAP,5
KCE,5
KCG,1
KCLI,5
KDKN,5
KE,5
KEGXQ,5
KELYA,5
KEM,5
KEP,5
KERX,5
KEX,5
KEY,1
KEYS,5
KEYW,5
KF,5
KFRC,5
KFS,5
KFY,5
KGC,1
KHC,5
KIE,5
KIM,5
KIN,5
KING,5
KIRK,5
KITE,5
KKD,5
KKR,5
KLAC,5
KLD,5
KLIC,5
KLXI,5
KMB,5
KMG,5
KMI,1
KMPH,5
KMPR,5
KMT,5
KMX,5
KN,5
KNBWY,5
KND,5
KNDI,5
KNL,5
KNOP,5
KNX,5
KO,1
KODK,5
KOF,5
KOL,5
KOLD,5
KONA,5
KOOL,5
KOP,5
KOPN,5
KORS,5
KOS,5
KPTI,5
KR,5
KRA,5
KRC,5
KRE,1
KRG,5
KRNY,5
KRO,5
KRSL,5
KS,5
KSS,5
KSU,5
KT,5
KTCC,5
KTEC,5
KTF,5
KTOS,5
KTWO,5
KUBTY,5
KVHI,5
KW,5
KWEB,5
KWKAQ,5
KWR,5
KWT,5
KXI,5
KYN,5
KYO,5
KZ,5
L,5
LABD,5
LABL,5
LABU,5
LAD,5
LADR,5
LAMR,5
LANC,5
LARK,5
LAWS,5
LAYN,5
LAZ,5
LB,5
LBAI,5
LBIO,5
LBJ,5
LBMH,5
LBRDA,5
LBRDK,5
LBTYA,5
LBTYK,5
LBY,5
LC,5
LCI,5
LCNB,5
LCUT,5
LD,5
LDIS,5
LDKYQ,5
LDL,5
LDOS,5
LDR,5
LDRH,5
LE,5
LEA,5
LECO,5
LEDS,5
LEE,5
LEG,5
LEI,5
LEJU,5
LEMB,5
LEN,1
LEN/B,5
LENS,5
LEO,5
LEU,5
LEXEA,5
LEXG,5
LF,5
LFC,5
LFGR,5
LFL,5
LFUS,5
LFVN,5
LGCY,5
LGDIQ,5
LGF,5
LGI,5
LGIH,5
LGL,5
LGND,5
LH,5
LHCG,5
LHO,5
LIFE,5
LII,5
LILA,5
LILAK,5
LINC,5
LINEQ,5
LINK,5
LION,5
LIOX,5
LIQDQ,5
LIT,5
LITB,5
LITE,5
LIVE,5
LIVN,5
LIWA,5
LJPC,5
LKFN,5
LKQ,5
LKSD,5
LL,5
LLEN,5
LLL,5
LLNW,5
LLTC,5
LLY,1
LM,5
LMAT,5
LMCA,5
LMCK,5
LMIA,5
LMLP,5
LMNR,5
LMNX,5
LMOS,5
LMT,5
LN,5
LNC,1
LNCE,5
LNCOQ,5
LNDC,5
LNG,1
LNKD,1
LNN,5
LNT,5
LOB,5
LOCK,5
LOCMQ,5
LOCO,5
LODE,5
LOGI,5
LOGM,5
LOJN,5
LONG,5
LOPE,5
LORL,5
LOV,5
LOW,1
LOXO,5
LPCN,5
LPG,5
LPHIQ,5
LPI,5
LPL,5
LPLA,5
LPMDF,5
LPNT,5
LPSN,5
LPT,5
LPTH,5
LPTN,5
LPX,5
LQ,5
LQD,5
LQDT,5
LQMT,5
LRAD,5
LRCX,5
LRN,5
LSC,5
LSCC,5
LSI,5
LSTR,5
LSXMA,5
LTBR,5
LTC,5
LTFD,5
LTL,5
LTPZ,5
LTRE,5
LTRPA,5
LTS,5
LTXB,5
LUB,5
LUK,5
LULU,1
LUNA,5
LUNMF,5
LUV,5
LUX,5
LVL,5
LVLT,5
LVNTA,5
LVS,1
LW,5
LWAY,5
LWC,5
LXFT,5
LXK,5
LXP,5
LXRX,5
LXU,5
LYB,5
LYG,5
LYSCF,5
LYTS,5
LYV,5
LZB,5
M,1
MA,1
MAA,5
MAB,5
MAC,5
MACE,5
MACK,5
MAG,5
MAGS,5
MAIN,5
MAN,5
MANH,5
MANT,5
MANU,5
MAR,5
MARA,5
MARPS,5
MAS,5
MASI,5
MAT,5
MATH,5
MATN,5
MATR,5
MATW,5
MATX,5
MB,5
MBB,5
MBFI,5
MBG,5
MBI,1
MBII,5
MBLX,5
MBLY,5
MBOT,5
MBRG,5
MBT,5
MBTF,5
MBUU,5
MBVT,5
MBVX,5
MBWM,5
MC,5
MCBC,5
MCC,5
MCD,1
MCEEF,5
MCEM,5
MCEP,5
MCF,5
MCFT,5
MCHI,5
MCHP,5
MCHX,5
MCK,5
MCN,5
MCO,1
MCOX,5
MCPIQ,5
MCR,5
MCRB,5
MCRI,5
MCRN,5
MCS,5
MCY,5
MD,5
MDAS,5
MDC,5
MDCA,5
MDCO,5
MDD,5
MDGL,5
MDGN,5
MDIV,5
MDLZ,1
MDP,5
MDR,5
MDRX,5
MDSMF,5
MDSO,5
MDSY,5
MDT,1
MDU,5
MDVN,1
MDXG,5
MDY,5
MED,5
MEET,5
MEG,5
MEI,5
MEIP,5
MELI,5
MEMP,5
MENT,5
MEOH,5
MEP,5
MERC,5
MERR,5
MES,5
MET,1
METR,5
MFA,5
MFC,5
MFCB,5
MFCO,5
MFG,5
MFIN,5
MFLX,5
MFRI,5
MFRM,5
MFS,5
MFSF,5
MG,5
MGA,5
MGC,5
MGEE,5
MGH,5
MGI,5
MGIC,5
MGK,5
MGLN,5
MGM,1
MGMXF,5
MGN,5
MGNX,5
MGP,5
MGPI,5
MGRC,5
MGTI,5
MGU,5
MGV,5
MHE,5
MHF,5
MHGC,5
MHH,5
MHK,5
MHLD,5
MHO,5
MHRCQ,5
MHY,5
MIC,5
MID,5
MIDD,5
MIDU,5
MIDZ,5
MIICF,5
MIK,5
MILLQ,5
MIME,5
MIN,5
MIND,5
MINI,5
MINT,5
MISVF,5
MITK,5
MITL,5
MITSY,5
MITT,5
MJN,1
MKC,5
MKL,5
MKSI,5
MKTO,5
MKTX,5
MKTY,5
MLAB,5
MLFB,5
MLHR,5
MLI,5
MLM,5
MLN,5
MLNK,5
MLNX,5
MLP,5
MLPI,5
MLPN,5
MLPX,5
MLR,5
MLSPF,5
MMC,5
MMI,5
MMLP,5
MMM,1
MMMKF,5
MMP,5
MMS,5
MMSI,5
MMT,5
MMV,5
MMYT,5
MN,5
MNA,5
MNG,5
MNI,5
MNK,5
MNKD,1
MNOV,5
MNP,5
MNR,5
MNRO,5
MNST,5
MNTA,5
MNTX,5
MNX,1
MO,1
MOAT,5
MOBI,5
MOBL,5
MOD,5
MODN,5
MOFG,5
MOG/A,5
MOG/B,5
MOGLF,5
MOH,5
MOMO,5
MON,1
MOO,5
MORE,5
MORN,5
MOS,1
MOSY,5
MOV,5
MPAA,5
MPC,5
MPEL,5
MPET,5
MPG,5
MPLX,5
MPOYQ,5
MPSX,5
MPW,5
MPWR,5
MPX,5
MQY,5
MR,5
MRC,5
MRCC,5
MRCY,5
MRD,5
MRIN,5
MRK,1
MRLN,5
MRNA,5
MRO,1
MRT,5
MRTN,5
MRTX,5
MRVC,5
MRVL,1
MS,1
MSA,5
MSB,5
MSCC,5
MSCI,5
MSEX,5
MSFG,5
MSFT,1
MSG,5
MSGN,5
MSH,5
MSI,1
MSL,5
MSM,5
MSN,5
MSP,5
MSTR,5
MSTX,5
MT,1
MTB,5
MTCH,5
MTD,5
MTDR,5
MTEX,5
MTG,1
MTGE,5
MTH,5
MTK,5
MTL,5
MTLK,5
MTLQU,5
MTN,5
MTOR,5
MTP,5
MTRN,5
MTRX,5
MTSC,5
MTSI,5
MTSN,5
MTU,5
MTW,5
MTWO,5
MTX,5
MTZ,5
MU,1
MUA,5
MUB,5
MUI,5
MUNI,5
MUR,5
MUSA,5
MUX,5
MVC,5
MVF,5
MVIS,5
MVO,5
MVV,5
MWA,5
MWW,5
MX,5
MXC,5
MXDHF,5
MXEA,5
MXEF,5
MXF,5
MXI,5
MXIM,5
MXL,5
MXMTY,5
MXWL,5
MY,5
MYCC,5
MYE,5
MYGN,5
MYL,1
MYRG,5
MYRX,5
MYY,5
MZA,5
MZOR,5
MZZ,5
N,5
NADL,5
NAK,5
NAME,5
NANO,5
NANX,5
NAO,5
NAP,5
NASB,5
NAT,5
NATH,5
NATI,5
NATL,5
NATR,5
NAUH,5
NAV,5
NAVB,5
NAVG,5
NAVI,5
NBBC,5
NBGGY,5
NBH,5
NBHC,5
NBI,5
NBIX,5
NBL,5
NBN,5
NBR,1
NBTB,5
NBY,5
NC,5
NCEN,5
NCI,5
NCIT,5
NCLH,5
NCMGY,5
NCMI,5
NCR,5
NCS,5
NCT,5
NCTY,5
NCV,5
NDAQ,5
NDLS,5
NDO,5
NDRM,5
NDRO,5
NDSN,5
NDX,5
NE,1
NEA,5
NEE,5
NEFF,5
NEM,1
NEO,5
NEOG,5
NEON,5
NEP,5
NEPT,5
NERV,5
NESC,5
NETE,5
NETO,5
NEU,5
NEWM,5
NEWP,5
NEWR,5
NEWS,5
NEWT,5
NFBK,5
NFG,5
NFLX,1
NFO,5
NFX,5
NG,5
NGD,5
NGG,5
NGHC,5
NGL,5
NGS,5
NGSX,5
NGVC,5
NGVT,5
NHC,5
NHI,5
NHTC,5
NI,5
NIB,5
NICE,5
NICH,5
NICK,5
NIHD,5
NILE,5
NJDCY,5
NJR,5
NK,5
NKA,5
NKE,1
NKSH,5
NKTR,5
NL,5
NLNK,5
NLR,5
NLS,5
NLSN,5
NLST,5
NLY,1
NM,5
NMBL,5
NMFC,5
NMGC,5
NMIH,5
NMM,5
NMR,5
NMRX,5
NMZ,5
NNA,5
NNBR,5
NNI,5
NNN,5
NNVC,5
NOA,5
NOAH,5
NOBL,5
NOC,5
NOEC,5
NOG,5
NOK,1
NOM,5
NORD,5
NORNQ,5
NOV,1
NOVCQ,5
NOVN,5
NOVT,5
NOW,5
NP,5
NPBC,5
NPD,5
NPF,5
NPK,5
NPNTQ,5
NPO,5
NPTN,5
NQ,1
NQCI,5
NR,5
NRCIA,5
NRE,5
NRF,5
NRG,5
NRIM,5
NRO,5
NROM,5
NRP,5
NRT,5
NRZ,5
NS,5
NSA,5
NSAM,5
NSANY,5
NSC,5
NSFC,5
NSH,5
NSIT,5
NSKFF,5
NSL,5
NSLP,5
NSM,5
NSP,5
NSPH,5
NSR,5
NSRGY,5
NSSC,5
NSTG,5
NSU,5
NTAP,1
NTCT,5
NTDOY,5
NTEC,5
NTES,5
NTG,5
NTGR,5
NTI,5
NTK,5
NTLS,5
NTN,5
NTNX,5
NTP,5
NTRA,5
NTRI,5
NTRS,5
NTT,5
NTWK,5
NTZ,5
NUAN,5
NUE,1
NUGT,5
NURO,5
NUS,5
NUTR,5
NUVA,5
NVAX,5
NVCR,5
NVDA,1
NVDQ,5
NVEC,5
NVEE,5
NVFY,5
NVG,5
NVGN,5
NVGS,5
NVIV,5
NVLN,5
NVLS,5
NVMI,5
NVO,5
NVR,5
NVRO,5
NVS,5
NVTA,5
NVTR,5
NVX,5
NWBI,5
NWBO,5
NWE,5
NWFL,5
NWHM,5
NWL,5
NWLI,5
NWN,5
NWPX,5
NWS,5
NWSA,5
NWX,5
NWY,5
NX,5
NXP,5
NXPI,5
NXQ,5
NXR,5
NXRT,5
NXST,5
NXTM,5
NXTQ,5
NXTYQ,5
NYA,5
NYCB,5
NYF,5
NYLD,5
NYLD/A,5
NYMT,5
NYMX,5
NYNY,5
NYNYR,5
NYRT,5
NYT,5
O,5
OA,5
OAK,5
OAKS,5
OAS,5
OB,5
OC,5
OCAT,5
OCFC,5
OCIP,5
OCLR,5
OCN,5
OCRX,5
OCUL,5
OCX,5
ODC,5
ODFL,5
ODP,1
OEC,5
OEF,5
OESX,5
OEX,5
OFC,5
OFG,5
OFIX,5
OFLX,5
OFS,5
OFSI,5
OGE,5
OGS,5
OGXI,5
OHAI,5
OHI,5
OHRP,5
OI,5
OIA,5
OIBR/C,5
OIBRQ,5
OIH,1
OII,5
OIIM,5
OIL,5
OIS,5
OKE,5
OKS,5
OKSB,5
OLBK,5
OLED,5
OLLI,5
OLN,5
OLO,5
OLP,5
OMAB,5
OMAM,5
OMC,5
OMCL,5
OME,5
OMED,5
OMER,5
OMEX,5
OMF,5
OMI,5
OMN,5
ON,5
ONB,5
ONCE,5
ONCYF,5
ONDK,5
ONE,5
ONEQ,5
ONP,5
ONTX,5
ONVI,5
ONVO,5
OOMA,5
OPB,5
OPHT,5
OPK,5
OPNT,5
OPOF,5
OPTI,5
OPTT,5
OPWR,5
OPXA,5
OPY,5
ORA,5
ORAN,5
ORBC,5
ORBK,5
ORC,5
ORCL,1
OREX,5
ORFR,5
ORGN,5
ORI,5
ORIG,5
ORIT,5
ORLY,5
ORM,5
ORMP,5
ORN,5
ORRF,5
ORXE,5
OSBC,5
OSGB,5
OSIR,5
OSIS,5
OSK,5
OSTK,5
OSUR,5
OSX,5
OTEL,5
OTEX,5
OTIC,5
OTIV,5
OTTR,5
OUNZ,5
OUSA,5
OUT,5
OUTR,5
OVAS,5
OVTI,5
OVX,5
OXFD,5
OXM,5
OXY,1
OZM,5
OZRK,5
P,1
PAA,5
PAAS,5
PAC,5
PACB,5
PACD,5
PACW,5
PAF,5
PAG,5
PAGG,5
PAGP,5
PAH,5
PAHC,5
PAM,5
PANC,5
PANW,5
PAR,5
PARD,5
PARR,5
PARS,5
PATK,5
PAY,5
PAYC,5
PAYX,5
PB,5
PBA,5
PBCT,5
PBD,5
PBE,5
PBF,5
PBFX,5
PBH,5
PBI,5
PBJ,5
PBP,5
PBPB,5
PBR,1
PBR/A,5
PBS,5
PBT,5
PBW,5
PBY,5
PBYI,5
PCAR,5
PCBC,5
PCBK,5
PCEF,5
PCG,5
PCH,5
PCLN,5
PCMI,5
PCO,5
PCOM,5
PCP,5
PCRFY,5
PCRX,5
PCTI,5
PCTY,5
PCY,5
PCYG,5
PCYO,5
PDCE,5
PDCO,5
PDEX,5
PDFS,5
PDLI,5
PDM,5
PDN,5
PDP,5
PDS,5
PE,5
PEB,5
PEBK,5
PEBO,5
PEG,5
PEGA,5
PEGI,5
PEI,5
PEIX,5
PEJ,5
PEK,5
PEN,5
PENC,5
PENN,5
PEO,5
PEP,1
PER,5
PERF,5
PERI,5
PERY,5
PES,5
PESI,5
PETS,5
PETX,5
PEX,5
PEY,5
PEZ,5
PF,5
PFBC,5
PFE,1
PFF,5
PFG,5
PFGC,5
PFI,5
PFIE,5
PFIS,5
PFL,5
PFLT,5
PFM,5
PFMT,5
PFN,5
PFNX,5
PFPT,5
PFS,5
PFSI,5
PFSW,5
PG,1
PGC,5
PGD,5
PGEM,5
PGF,5
PGH,5
PGJ,5
PGLC,5
PGM,5
PGND,5
PGNPQ,5
PGNX,5
PGP,5
PGR,5
PGRE,5
PGTI,5
PGX,5
PH,5
PHB,5
PHBR,5
PHDG,5
PHF,5
PHG,5
PHH,5
PHI,5
PHIIK,5
PHK,5
PHM,1
PHMD,5
PHO,5
PHT,5
PHX,5
PICK,5
PICO,5
PID,5
PIE,5
PII,5
PIM,5
PIN,5
PINC,5
PIO,5
PIOI,5
PIP,5
PIR,5
PIZ,5
PJC,5
PJP,5
PJT,5
PKB,5
PKD,5
PKE,5
PKG,5
PKI,5
PKOH,5
PKW,5
PKX,5
PKY,5
PLAB,5
PLAY,5
PLCE,5
PLCM,5
PLD,5
PLG,5
PLGTF,5
PLKI,5
PLM,5
PLNT,5
PLOW,5
PLPC,5
PLPM,5
PLT,5
PLUG,1
PLUS,5
PLW,5
PLX,5
PLXS,5
PM,1
PMBC,5
PMC,5
PMCS,5
PMD,5
PML,5
PMM,5
PMO,5
PMR,5
PMT,5
PMTS,5
PMX,5
PN,5
PNC,1
PNFP,5
PNGB,5
PNK,5
PNKOLD,5
PNM,5
PNNT,5
PNQI,5
PNR,5
PNRA,5
PNRG,5
PNW,5
PNX,5
PNY,5
PODD,5
POL,5
POM,5
POOL,5
POPE,5
POR,5
POST,5
POT,1
POWI,5
POWL,5
POWR,5
PPA,5
PPBI,5
PPBV,5
PPC,5
PPG,5
PPH,5
PPHM,5
PPL,5
PPLT,5
PPP,5
PPR,5
PPRG,5
PPS,5
PPT,5
PQ,5
PRA,5
PRAA,5
PRAH,5
PRAN,5
PRB,5
PRCP,5
PRE,5
PREKF,5
PRF,5
PRFT,5
PRFZ,5
PRGN,5
PRGO,5
PRGS,5
PRGX,5
PRI,5
PRIM,5
PRK,5
PRKR,5
PRLB,5
PRMW,5
PRN,5
PRO,5
PROV,5
PRSC,5
PRSNQ,5
PRSS,5
PRTA,5
PRTK,5
PRTS,5
PRTY,5
PRU,1
PRVT,5
PRXIQ,5
PRXL,5
PSA,5
PSAU,5
PSB,5
PSC,5
PSCH,5
PSDV,5
PSE,5
PSEC,5
PSGLQ,5
PSI,5
PSJ,5
PSL,5
PSMT,5
PSO,5
PSP,5
PSPRF,5
PSQ,5
PSR,5
PST,5
PSTB,5
PSTG,5
PSTI,5
PSTRQ,5
PSUNQ,5
PSX,5
PSXP,5
PSYS,5
PTC,5
PTCT,5
PTEN,5
PTF,5
PTGCY,5
PTH,5
PTHN,5
PTIE,5
PTLA,5
PTM,5
PTN,5
PTNR,5
PTR,5
PTSI,5
PTX,5
PTY,5
PUBGY,5
PUDA,5
PUI,5
PUK,5
PULB,5
PURE,5
PUW,5
PVAHQ,5
PVG,5
PVH,5
PVI,5
PVTB,5
PW,5
PWAVQ,5
PWB,5
PWC,5
PWE,5
PWOD,5
PWR,5
PWV,5
PWX,5
PWZ,5
PX,5
PXD,5
PXE,5
PXF,5
PXH,5
PXI,5
PXJ,5
PXLW,5
PXQ,5
PXR,5
PXSG,5
PYGMF,5
PYPL,1
PYTCF,5
PYZ,5
PZA,5
PZD,5
PZE,5
PZG,5
PZI,5
PZN,5
PZT,5
PZZA,5
Q,5
QABA,5
QADA,5
QAI,5
QBEIF,5
QCCO,5
QCLN,5
QCOM,1
QCP,5
QCRH,5
QDEL,5
QEP,5
QEPC,5
QGEN,5
QHC,5
QID,1
QIHU,5
QIWI,5
QKLS,5
QLD,1
QLIK,5
QLYS,5
QNET,5
QNST,5
QQEW,5
QQQ,1
QQQC,5
QQQE,5
QQXT,5
QRHC,5
QRMLF,5
QRVO,5
QSII,5
QSR,5
QTEC,5
QTM,5
QTS,5
QTWO,5
QTWWQ,5
QUAD,5
QUAL,5
QUIK,5
QUMU,5
QUNR,5
QUOT,5
QURE,5
QVCA,5
R,5
RACE,5
RAD,1
RADA,5
RAG,5
RAI,5
RAIL,5
RAND,5
RARE,5
RAS,5
RATE,5
RAV,5
RAVE,5
RAVN,5
RAX,5
RBA,5
RBC,5
RBCAA,5
RBCN,5
RBGPF,5
RBPAA,5
RBS,5
RBYCF,5
RCAPQ,5
RCD,5
RCI,5
RCII,5
RCL,1
RCMT,5
RCPIQ,5
RDC,5
RDEN,5
RDI,5
RDN,5
RDNT,5
RDS/A,5
RDS/B,5
RDSMY,5
RDUS,5
RDWR,5
RDY,5
RE,5
RECN,5
REDFY,5
REED,5
REEMF,5
REFR,5
REG,5
REGI,5
REGL,5
REGN,5
REI,5
REIS,5
REK,5
RELL,5
RELV,5
RELY,5
REM,5
REMX,5
REN,5
RENN,5
RENT,5
REPYY,5
RES,5
RESI,5
RETL,5
REV,5
REW,5
REX,5
REXHF,5
REXI,5
REXR,5
REXX,5
REZ,5
RF,1
RFG,5
RFIL,5
RFP,5
RFV,5
RGA,5
RGC,5
RGEN,5
RGI,5
RGLD,5
RGLS,5
RGR,5
RGS,5
RGSE,5
RH,5
RHHBY,5
RHI,5
RHNO,5
RHP,5
RHS,5
RHT,5
RIC,5
RICE,5
RICK,5
RIG,1
RIGL,5
RIGP,5
RINF,5
RING,5
RINO,5
RIO,5
RIT,5
RIV,5
RJA,5
RJETQ,5
RJF,5
RJI,5
RJN,5
RJZ,5
RL,5
RLD,5
RLG,5
RLGT,5
RLGY,5
RLH,5
RLI,5
RLJ,5
RLOC,5
RLOG,5
RLV,5
RLYP,5
RM,5
RMAX,5
RMBS,1
RMCF,5
RMD,5
RMP,5
RMR,5
RMTI,5
RNET,5
RNF,5
RNG,5
RNHEF,5
RNP,5
RNR,5
RNST,5
RNWK,5
ROCK,5
ROG,5
ROIA,5
ROIAK,5
ROIC,5
ROK,5
ROKA,5
ROL,5
ROLL,5
ROM,5
ROP,5
ROSG,5
ROST,5
ROVIOLD,5
ROYL,5
ROYT,5
RP,5
RPAI,5
RPD,5
RPG,5
RPM,5
RPRX,5
RPT,5
RPTP,5
RPV,5
RPXC,5
RQI,5
RRC,5
RRD,5
RRGB,5
RRR,5
RRROLD,5
RRTS,5
RS,5
RSE,5
RSG,5
RSO,5
RSP,5
RSPP,5
RST,5
RSTI,5
RSTRF,5
RSX,1
RSYS,5
RT,5
RTEC,5
RTH,5
RTIX,5
RTK,5
RTM,5
RTN,1
RTR,5
RTRX,5
RUA,5
RUBI,5
RUI,5
RUJ,5
RUN,5
RUO,5
RUSHA,5
RUSHB,5
RUSL,5
RUSS,5
RUT,5
RUTH,5
RVLT,5
RVNC,5
RVSB,5
RVX,5
RWC,5
RWJ,5
RWK,5
RWL,5
RWM,5
RWO,5
RWR,5
RWT,5
RWV,5
RWW,5
RWX,5
RXD,5
RXDX,5
RXI,5
RXII,5
RXL,5
RXN,5
RY,5
RYAAY,5
RYAM,5
RYE,5
RYF,5
RYH,5
RYI,5
RYJ,5
RYN,5
RYT,5
RYU,5
RZG,5
RZV,5
S,1
SA,5
SAA,5
SAAS,5
SABR,5
SAFM,5
SAFT,5
SAGE,5
SAH,5
SAIA,5
SAIC,5
SALE,5
SALM,5
SALT,5
SAM,5
SAMG,5
SAN,5
SAND,5
SANM,5
SANW,5
SAP,5
SARA,5
SASR,5
SATCQ,5
SATS,5
SAUC,5
SAVE,5
SB,5
SBAC,5
SBB,5
SBCF,5
SBGI,5
SBGL,5
SBGSY,5
SBH,5
SBI,5
SBIO,5
SBLK,5
SBNY,5
SBR,5
SBRA,5
SBS,5
SBSA,5
SBSI,5
SBUX,1
SBW,5
SBY,5
SC,5
SCAI,5
SCC,5
SCCO,5
SCG,5
SCHA,5
SCHB,5
SCHC,5
SCHD,5
SCHE,5
SCHF,5
SCHG,5
SCHH,5
SCHL,5
SCHM,5
SCHN,5
SCHO,5
SCHP,5
SCHR,5
SCHV,5
SCHW,5
SCHX,5
SCI,5
SCIE,5
SCIF,5
SCIL,5
SCJ,5
SCL,5
SCLN,5
SCM,5
SCMP,5
SCMR,5
SCNB,5
SCO,5
SCON,5
SCOR,5
SCPB,5
SCS,5
SCSC,5
SCSS,5
SCTY,1
SCVL,5
SCWX,5
SCYX,5
SCZ,5
SD,5
SDD,5
SDIV,5
SDLP,5
SDOG,5
SDOW,5
SDP,5
SDR,5
SDRL,5
SDS,1
SDT,5
SDY,5
SE,5
SEA,5
SEAC,5
SEAS,5
SEB,5
SEDG,5
SEE,5
SEED,1
SEF,5
SEIC,5
SEM,5
SEMG,5
SEMI,5
SENEA,5
SEP,5
SERV,5
SEYE,5
SF,5
SFBS,5
SFC,5
SFE,5
SFG,5
SFL,5
SFLY,5
SFM,5
SFNC,5
SFR,5
SFS,5
SFUN,5
SFXEQ,5
SFYWQ,5
SGA,5
SGAZF,5
SGB,5
SGBK,5
SGC,5
SGEN,5
SGG,5
SGI,5
SGLMF,5
SGM,5
SGMO,5
SGMS,5
SGNT,5
SGOL,5
SGQRF,5
SGRY,5
SGU,5
SGY,5
SGYP,5
SH,5
SHAK,5
SHBI,5
SHEN,5
SHG,5
SHI,5
SHLD,1
SHLM,5
SHLO,5
SHLX,5
SHM,5
SHO,5
SHOO,5
SHOP,5
SHOR,5
SHOS,5
SHPG,5
SHTGY,5
SHV,5
SHW,5
SHY,5
SID,5
SIEB,5
SIEGY,5
SIEN,5
SIF,5
SIFI,5
SIFY,5
SIG,5
SIGA,5
SIGI,5
SIGM,5
SIII,5
SIJ,5
SIL,5
SILC,5
SILJ,5
SIM,5
SIMO,5
SINA,1
SINO,5
SIR,5
SIRI,1
SIV,5
SIVB,5
SIVR,5
SIX,5
SJB,5
SJI,5
SJM,5
SJNK,5
SJR,5
SJT,5
SJW,5
SKF,1
SKFRY,5
SKIS,5
SKM,5
SKT,5
SKUL,5
SKVY,5
SKX,5
SKY,5
SKYW,5
SKYY,5
SLAB,5
SLB,1
SLCA,5
SLCT,5
SLD,5
SLF,5
SLG,5
SLGN,5
SLH,5
SLI,5
SLM,1
SLP,5
SLRC,5
SLV,1
SLW,1
SLX,5
SM,5
SMB,5
SMCI,5
SMDD,5
SMDV,5
SMED,5
SMFG,5
SMG,5
SMH,5
SMI,5
SMK,5
SMLP,5
SMN,5
SMP,5
SMRT,5
SMSI,5
SMSMY,5
SMT,5
SMTC,5
SMTX,5
SN,5
SNA,5
SNAK,5
SNBC,5
SNC,5
SNCR,5
SNDK,5
SNE,5
SNGNF,5
SNH,5
SNHY,5
SNI,5
SNMX,5
SNN,5
SNOA,5
SNOW,5
SNP,5
SNPS,5
SNR,5
SNSS,5
SNV,5
SNX,5
SNY,5
SO,1
SOCL,5
SODA,5
SOEN,5
SOFO,5
SOGCQ,5
SOHU,5
SOL,5
SON,5
SONC,5
SONS,5
SORL,5
SOUHY,5
SOX,5
SOXL,5
SOXS,5
SOXX,5
SOYB,5
SP,5
SPA,5
SPAR,5
SPB,5
SPCB,5
SPDC,5
SPDN,5
SPEC,5
SPG,1
SPGI,5
SPH,5
SPHB,5
SPHD,5
SPHQ,5
SPHS,5
SPIL,5
SPIR,5
SPKE,5
SPKKY,5
SPLK,5
SPLS,5
SPLV,5
SPN,5
SPNC,5
SPNE,5
SPNS,5
SPOK,5
SPP,5
SPPI,5
SPPJY,5
SPR,5
SPRT,5
SPSC,5
SPTN,5
SPU,5
SPWH,5
SPWR,1
SPX,5
SPXC,5
SPXL,5
SPXPM,5
SPXS,5
SPXU,5
SPY,1
SQ,5
SQBG,5
SQI,5
SQM,5
SQNM,1
SQNS,5
SQQQ,5
SR,5
SRC,5
SRCE,5
SRCL,5
SRDX,5
SRE,5
SREV,5
SRG,5
SRI,5
SRLP,5
SRNE,5
SRO,5
SRPT,5
SRRY,5
SRS,1
SRSC,5
SRT,5
SRTI,5
SRTY,5
SRV,5
SRWRF,5
SSB,5
SSD,5
SSEIQ,5
SSG,5
SSH,5
SSI,5
SSKN,5
SSL,5
SSN,5
SSNC,5
SSNI,5
SSO,1
SSP,5
SSRG,5
SSRI,5
SSTK,5
SSW,5
SSY,5
SSYS,5
ST,5
STAA,5
STAG,5
STAR,5
STAY,5
STB,5
STBA,5
STBZ,5
STC,5
STE,5
STFC,5
STI,1
STJ,5
STKL,5
STL,5
STLD,5
STLY,5
STM,5
STML,5
STMP,5
STN,5
STNG,5
STO,5
STON,5
STOR,5
STR,5
STRA,5
STRI,5
STRL,5
STRM,5
STRP,5
STRT,5
STRZ,5
STRZA,5
STS,5
STT,1
STV,5
STVI,5
STWD,5
STX,1
STXS,5
STZ,5
SU,1
SUB,5
SUBCY,5
SUI,5
SUM,5
SUMR,5
SUN,5
SUNEQ,5
SUNS,5
SUNW,5
SUP,5
SUPN,5
SVA,5
SVBI,5
SVMLF,5
SVO,5
SVON,5
SVT,5
SVU,5
SVVC,5
SVXY,5
SWC,5
SWFT,5
SWHC,5
SWI,5
SWIR,5
SWK,5
SWKS,5
SWM,5
SWN,1
SWSH,5
SWX,5
SWYDF,5
SXC,5
SXCP,5
SXE,5
SXI,5
SXL,5
SXT,5
SYA,5
SYBT,5
SYF,5
SYK,5
SYKE,5
SYMC,1
SYMX,5
SYNA,5
SYNC,5
SYNL,5
SYNT,5
SYPR,5
SYRG,5
SYT,5
SYUT,5
SYX,5
SYY,5
SZK,5
SZMK,5
SZO,5
T,1
TA,5
TAC,5
TACO,5
TACT,5
TAHO,5
TAL,5
TAMO,5
TAN,5
TAO,5
TAOM,5
TAP,5
TAP/A,5
TARO,5
TASR,5
TAST,5
TAT,5
TAX,5
TBBK,5
TBF,5
TBI,5
TBIO,5
TBNC,5
TBNK,5
TBPH,5
TBRA,5
TBT,1
TCAP,5
TCB,5
TCBI,5
TCBK,5
TCCO,5
TCO,5
TCP,5
TCPC,5
TCPIF,5
TCPTF,5
TCRD,5
TCS,5
TCX,5
TD,5
TDC,5
TDF,5
TDG,5
TDIV,5
TDOC,5
TDS,5
TDTT,5
TDW,5
TDY,5
TE,5
TEAM,5
TEAR,5
TECD,5
TECH,5
TECK,1
TECL,5
TECS,5
TEF,5
TEGP,5
TEL,5
TELNY,5
TELOZ,5
TEN,5
TENX,5
TEO,5
TEP,5
TER,5
TERA,5
TERP,5
TESO,5
TESS,5
TEUFF,5
TEVA,1
TEX,5
TFI,5
TFM,5
TFSL,5
TFX,5
TG,5
TGA,5
TGB,5
TGC,5
TGEN,5
TGH,5
TGI,5
TGLO,5
TGNA,5
TGP,5
TGS,5
TGT,1
TGTX,5
THC,5
THD,5
THDS,5
THFF,5
THG,5
THLD,5
THM,5
THO,5
THR,5
THRM,5
THS,5
TI,5
TICC,5
TIER,5
TIF,1
TILE,5
TIME,5
TINY,5
TIP,5
TIPT,5
TIRTZ,5
TIS,5
TISI,5
TITN,5
TIVO,1
TJX,5
TK,5
TKAI,5
TKC,5
TKF,5
TKOI,5
TKR,5
TLF,5
TLGT,5
TLH,5
TLK,5
TLLP,5
TLMR,5
TLN,5
TLO,5
TLOG,5
TLP,5
TLRD,5
TLT,1
TLYS,5
TM,1
TMCV,5
TMF,5
TMH,5
TMHC,5
TMK,5
TMO,5
TMP,5
TMQ,5
TMST,5
TMUS,1
TMV,5
TNA,1
TNAV,5
TNC,5
TNDM,5
TNET,5
TNGO,5
TNH,5
TNK,5
TNP,5
TNTEY,5
TNX,5
TNXP,5
TOELF,5
TOELY,5
TOFB,5
TOK,5
TOL,5
TONS,5
TOO,5
TOPS,5
TORZ,5
TOSBF,5
TOT,5
TOUR,5
TOWN,5
TOWR,5
TPC,5
TPH,5
TPI,5
TPL,5
TPLM,5
TPRE,5
TPVG,5
TPX,5
TQQQ,5
TR,5
TRAC,5
TRAN,5
TRC,5
TRCO,5
TREC,5
TREE,5
TREX,5
TRGP,5
TRI,5
TRIB,5
TRIL,5
TRIP,5
TRIV,5
TRK,5
TRMB,5
TRMK,5
TRMR,5
TRN,5
TRNC,5
TRNO,5
TROV,5
TROW,5
TROX,5
TRP,5
TRQ,5
TRR,5
TRS,5
TRST,5
TRT,5
TRTN,5
TRU,5
TRUE,5
TRUP,5
TRV,5
TRVN,5
TRX,5
TRXC,5
TS,5
TSBK,5
TSCC,5
TSCO,5
TSE,5
TSEM,5
TSI,5
TSL,1
TSLA,1
TSLX,5
TSM,5
TSN,5
TSO,1
TSQ,5
TSRA,5
TSRI,5
TSRO,5
TSS,5
TSTC,5
TSU,5
TSYS,5
TTC,5
TTEC,5
TTEK,5
TTGT,5
TTI,5
TTM,5
TTMI,5
TTNP,5
TTOO,5
TTP,5
TTPH,5
TTS,5
TTT,5
TTWO,5
TU,5
TUBE,5
TUES,5
TUMI,5
TUP,5
TUR,5
TUSA,5
TUZ,5
TV,5
TVIA,5
TVIX,5
TVPT,5
TW,5
TWER,5
TWI,5
TWIN,5
TWLO,5
TWM,5
TWMC,5
TWO,5
TWOU,5
TWTR,1
TWX,1
TX,5
TXCCQ,5
TXMD,5
TXN,1
TXRH,5
TXT,1
TXTR,5
TY,5
TYD,5
TYG,5
TYIDF,5
TYL,5
TYO,5
TYPE,5
TYX,5
TZA,1
TZOO,5
UA,5
UA/C,5
UAG,5
UAL,1
UAM,5
UAMY,5
UAN,5
UBA,5
UBC,5
UBFO,5
UBG,5
UBIO,5
UBM,5
UBN,5
UBNK,5
UBNT,5
UBP,5
UBS,5
UBSFF,5
UBSH,5
UBSI,5
UBT,5
UCBI,5
UCC,5
UCD,5
UCFC,5
UCI,5
UCO,5
UCP,5
UCTT,5
UDFI,5
UDN,5
UDOW,5
UDR,5
UE,5
UEC,5
UEIC,5
UEPS,5
UFCS,5
UFI,5
UFPI,5
UFPT,5
UFS,5
UG,5
UGA,5
UGE,5
UGI,5
UGL,5
UGP,5
UHAL,5
UHN,5
UHS,5
UHT,5
UIHC,5
UIS,5
UL,5
ULBI,5
ULE,5
ULGX,5
ULH,5
ULTA,5
ULTI,5
ULTR,5
UMBF,5
UMC,5
UMDD,5
UMH,5
UMPQ,5
UN,5
UNF,5
UNFI,5
UNG,1
UNH,1
UNIS,5
UNL,5
UNM,5
UNP,1
UNT,5
UNTD,5
UNVR,5
UNXL,5
UOMO,5
UPIN,5
UPIP,5
UPLMQ,5
UPRO,5
UPS,1
UPW,5
UQM,5
URA,5
URBN,5
URE,1
URG,5
URI,5
URPTF,5
URR,5
URRE,5
URTH,5
URTY,5
USA,5
USAC,5
USAK,5
USAP,5
USAT,5
USB,1
USCR,5
USD,5
USDP,5
USDU,5
USEG,5
USFD,5
USG,5
USL,5
USLM,5
USM,5
USMD,5
USMV,5
USNA,5
USO,1
USPH,5
USRT,5
UST,5
USV,5
UTEK,5
UTF,5
UTHR,5
UTI,5
UTIW,5
UTL,5
UTMD,5
UTSI,5
UTX,1
UTY,5
UUP,1
UUUU,5
UVE,5
UVSP,5
UVV,5
UVXY,1
UWM,5
UWN,5
UXI,5
UYG,1
UYM,5
V,1
VA,5
VAC,5
VAL,5
VALE,1
VALE/P,5
VALU,5
VAR,5
VASC,5
VASO,5
VAW,5
VB,5
VBIV,5
VBK,5
VBLT,5
VBR,5
VC,5
VCEL,5
VCF,5
VCIT,5
VCLT,5
VCO,5
VCR,5
VCRA,5
VCSH,5
VCST,5
VCYT,5
VDC,5
VDE,5
VDSI,5
VEA,5
VEC,5
VECO,5
VEDL,5
VEEV,5
VELTF,5
VEOEY,5
VER,5
VET,5
VEU,5
VFC,5
VFH,5
VFL,5
VG,5
VGK,5
VGM,5
VGR,5
VGT,5
VGZ,5
VHC,5
VHI,5
VHT,5
VIA,5
VIAB,5
VIAV,1
VICL,5
VICR,5
VIEWF,5
VIG,5
VII,5
VIIX,5
VIP,5
VIPS,5
VIRT,5
VIS,5
VISI,5
VISN,5
VIV,5
VIVEF,5
VIVO,5
VIX,5
VIXM,5
VIXY,5
VJET,5
VKI,5
VKQ,5
VLGEA,5
VLO,1
VLP,5
VLRS,5
VLT,5
VLTC,5
VLY,5
VMAX,5
VMC,5
VMEM,5
VMI,5
VMIN,5
VMM,5
VMO,5
VMW,5
VNCE,5
VNDA,5
VNET,5
VNO,5
VNOM,5
VNQ,5
VNQI,5
VNR,5
VNTV,5
VO,5
VOC,5
VOD,1
VODOF,5
VOE,5
VOLVY,5
VOO,5
VOT,5
VOX,5
VOXX,5
VOYA,5
VPCO,5
VPG,5
VPL,5
VPU,5
VR,5
VRA,5
VRML,5
VRNS,5
VRNT,5
VRP,5
VRSK,5
VRSN,1
VRSZQ,5
VRTS,5
VRTU,5
VRTV,5
VRTX,5
VRX,1
VSAR,5
VSAT,5
VSEC,5
VSH,5
VSI,5
VSLR,5
VSM,5
VSPC,5
VSR,5
VSS,5
VSTM,5
VSTO,5
VT,5
VTA,5
VTAE,5
VTI,5
VTL,5
VTNR,5
VTR,5
VTTI,5
VTV,5
VTWO,5
VUG,5
VUZI,5
VV,5
VVC,5
VVI,5
VVIX,5
VVR,5
VVUS,1
VVV,5
VWO,5
VWR,5
VXEEM,5
VXEL,5
VXF,5
VXN,5
VXST,5
VXUS,5
VXX,1
VXZ,5
VYM,5
VZ,1
W,5
WAB,5
WABC,5
WAC,5
WAFD,5
WAGE,5
WAIR,5
WAL,5
WASH,5
WAT,5
WATT,5
WAVXQ,5
WAXS,5
WB,5
WBA,1
WBAI,5
WBC,5
WBK,5
WBMD,5
WBS,5
WCC,5
WCG,5
WCIC,5
WCN,5
WD,5
WDAY,5
WDC,1
WDFC,5
WDR,5
WEA,5
WEAT,5
WEB,5
WEC,5
WELX,5
WEN,5
WERN,5
WES,5
WEST,5
WETF,5
WEX,5
WEYS,5
WF,5
WFC,1
WFM,1
WFT,1
WG,5
WGA,5
WGL,5
WGO,5
WGP,5
WHF,5
WHG,5
WHR,1
WHZT,5
WIA,5
WIBC,5
WIFI,5
WILN,5
WIN,1
WINA,5
WIND,5
WING,5
WINS,5
WINT,5
WIP,5
WIRE,5
WIT,5
WIX,5
WK,5
WLB,5
WLFC,5
WLH,5
WLK,5
WLKP,5
WLKR,5
WLL,5
WLTGQ,5
WLTW,5
WM,5
WMAR,5
WMB,1
WMC,5
WMGI,5
WMGIZ,5
WMK,5
WMLP,5
WMS,5
WMT,1
WMW,5
WNC,5
WNEB,5
WNMLA,5
WNR,5
WNRL,5
WNS,5
WOOD,5
WOOF,5
WOR,5
WOWI,5
WPC,5
WPCS,5
WPG,5
WPP,5
WPPGY,5
WPRT,5
WPS,5
WPUR,5
WPX,5
WPZ,5
WR,5
WRB,5
WRE,5
WRESQ,5
WRI,5
WRK,5
WRLD,5
WSBC,5
WSBF,5
WSCI,5
WSFS,5
WSHLY,5
WSM,5
WSO,5
WSO/B,5
WSR,5
WST,5
WSTC,5
WSTL,5
WSTM,5
WTBA,5
WTFC,5
WTI,5
WTM,5
WTR,5
WTS,5
WTT,5
WTW,5
WU,5
WUBA,5
WVVI,5
WWAV,5
WWD,5
WWE,5
WWW,5
WY,5
WYN,5
WYNN,1
X,1
XAL,5
XAR,5
XAU,5
XAX,5
XBD,5
XBI,1
XBIT,5
XBKS,5
XCI,5
XCO,5
XCRA,5
XDA,5
XDC,5
XDN,5
XDS,5
XDZ,5
XEC,5
XEL,5
XENT,5
XEO,5
XES,5
XHB,1
XHFNF,5
XHR,5
XII,5
XIN,5
XIV,5
XL,1
XLB,1
XLE,1
XLF,1
XLFS,5
XLG,5
XLI,1
XLK,1
XLNX,1
XLP,1
XLRE,5
XLRN,5
XLU,1
XLV,1
XLY,1
XME,1
XMI,5
XNCR,5
XNET,5
XNG,5
XNPT,5
XOG,5
XOI,5
XOM,1
XOMA,5
XON,5
XONE,5
XOP,1
XOXO,5
XPH,5
XPLR,5
XPO,5
XPP,5
XRA,5
XRAY,5
XRDC,5
XRM,5
XRT,1
XRX,1
XSD,5
XSNX,5
XSP,5
XSPAM,5
XTC,5
XTLY,5
XTNT,5
XUE,5
XXIA,5
XXII,5
XYL,5
Y,5
YANG,5
YAO,5
YCL,5
YCS,5
YDKN,5
YELP,5
YGE,5
YHOO,1
YINN,5
YMLP,5
YNDX,5
YOKU,5
YORW,5
YPF,5
YRCW,1
YRD,5
YUII,5
YUM,1
YUMC,5
YUME,5
YXI,5
YY,5
YZC,5
Z,5
ZAGG,5
ZAYO,5
ZAZA,5
ZBH,5
ZBIO,5
ZBRA,5
ZDGE,5
ZEN,5
ZEUS,5
ZF,5
ZFGN,5
ZG,5
ZGNX,5
ZINCQ,5
ZION,1
ZIOP,5
ZIXI,5
ZLTQ,5
ZN,5
ZNGA,1
ZNH,5
ZOES,5
ZOOM,5
ZPIN,5
ZQKSQ,5
ZROZ,5
ZSL,5
ZTO,5
ZTR,5
ZTS,5
ZUMZ,5
ZX,5
ZYNE,5
